Platform,Duration,Conversion_Rate,Acquisition_Cost,ROI,Clicks,Likes,Comments,Shares,Impressions,Reach,Engagement_Rate,Click_Rate,Impression_Rate,Avg_Freq_Ad,r_pc,s_p
Facebook,360.0,0.07892680872535447,,3.9509916688846647,711.664218749485,487.86869507232296,260.76466394657115,97.92781728684932,3620.5479425142694,2245.428791706931,43.95053977962669,0.3731527123325263,10.057077618095192,1.7965358738526431,48.91847808784522,1.149816047538945
Instagram,360.0,0.07713135369028228,,3.9708241525036367,710.1573249743591,516.0606397730444,237.58391318380797,97.15716887969336,3644.221830043378,2309.276385966853,42.982049241704246,0.3583942080705165,10.12283841678716,1.758788459733011,44.88875164728315,1.2802857225639663
Twitter,360.0,0.07870302221015225,,4.087545485603747,720.0155333094094,505.0631420489491,255.21183532792926,99.18969337850116,3697.5029622430047,2304.27608520608,43.489215082795425,0.36619579863449475,10.270841561786124,1.8002196123833962,54.56599834684202,1.092797576724562
