Platform,Age_Range,Impression_rate
Instagram,35-44,2.420253209197348
Instagram,45-60,4.424047951181539
Instagram,25-34,1.7059419131361577
Instagram,18-24,1.5788759841799764
Facebook,35-44,2.288306219798319
Facebook,45-60,4.270535034505109
Facebook,25-34,2.3929887705793176
Facebook,18-24,1.098383398481287
Twitter,35-44,2.8657716078530133
Twitter,45-60,3.3576179683319167
Twitter,25-34,2.7102514664064383
Twitter,18-24,1.3479531956642639
