Variables,Facebook,Instagram,Twitter
w_p,0.3731527123325263,0.3583942080705165,0.3661957986344947
i_p,10.057077618095192,10.12283841678716,10.270841561786124
f_p,1.7965358738526431,1.758788459733011,1.8002196123833962
c_p,0.0789268087253544,0.0771313536902822,0.0787030222101522
s_p,1.149816047538945,1.2802857225639663,1.092797576724562
