Attire Artistry,Aura Align,Balance Beam,Bistro Bliss,Chic Couture,Code Crafters,Cozy Corners,Culinary Quest,Cyber Circuit,Decor Dreams,Dine Divine,Domestic Dream,Dwell Delight,Elixir Essence,Epicurean Edge,Feast Flavors,Fiber Fashion,Fitness Front,Furnish Fine,Gadget Giants,Gastronomy Guild,Giga Geeks,Glam Garments,Gourmet Grove,Heal Hub,Hearth Harmony,Homely Haven,Innovate Infinity,Living Luxe,Mode Maven,Nest Neat,NexGen Nerds,Nosh Nirvana,Palate Paradise,Pixel Pioneers,Pulse Point,Quantum Quirks,Runway Rebels,Savor Street,Silicon Saga,Silk & Style,Space Spruce,Style Sphere,Tech Titans,Trend Tailors,Vigor Valley,Vital Vigor,Vogue Visions,Well Wish,Wellness Waves
44.10446827087123,49.1703595486577,52.11638879142807,49.73469328773086,52.900502476451855,49.66858708510148,51.80983939643365,43.713060248371654,53.23899242967948,44.15738771558242,49.5883236283785,57.272518681966154,47.30775488936604,50.353403795032,48.61614717083,48.84773989672129,48.22867228073138,52.941939453735046,43.80928231170295,49.34986780793263,48.32559029888943,43.438766567810745,54.79682705801827,52.11806764491419,49.18141877957521,55.748383606898734,44.66008824599368,48.02719850483461,44.48711183215129,47.402552122587345,49.71189068109309,46.38554951958338,50.09015647514875,49.6600644893603,49.62672159634201,47.954698853819366,48.61250130850802,49.00039372628657,49.27241660404397,45.83426977430246,51.92639263177866,51.076567287864094,54.61025212788733,46.772867073237194,50.650407887996,49.3270310720791,52.56099667748341,48.76391770621364,53.34704350526258,52.58706187283874
